maze,planner,tracker,planner_time_s,path_length,n_waypoints,n_turns,status,time_s,traversed,steps,max_cte,mean_cte
AAMC15Maze.csv,astar,theoretical,0.0057830810546875,128.0,129,25,FEASIBLE,92.05801117644431,128.0,0,0.0,0.0
AAMC15Maze.csv,theta_star,theoretical,0.02528524398803711,103.87380352853305,39,22,FEASIBLE,40.28036895270123,103.87380352853305,0,0.0,0.0
AAMC15Maze.csv,astar,pure_pursuit,0.0057830810546875,128.0,129,25,COLLISION,31.83970000000109,3.167565006512993,1910,0.0,0.0
AAMC15Maze.csv,astar,stanley,0.0057830810546875,128.0,129,25,TIMEOUT,333.39999999994313,23.77756635422526,20000,1.096246747730804,0.33174882517723153
AAMC15Maze.csv,theta_star,pure_pursuit,0.02528524398803711,103.87380352853305,39,22,COLLISION,30.589450000000994,3.04319979739114,1835,0.0,0.0
AAMC15Maze.csv,theta_star,stanley,0.02528524398803711,103.87380352853305,39,22,TIMEOUT,333.39999999994313,23.939013474878795,20000,1.0816083985186329,0.29282626090220026
