{
  "planner": "bb_rrt_star",
  "maze": "bench_mazes/corridor.csv",
  "waypoints_rc": [
    [
      1,
      1
    ],
    [
      5.7893542887888385,
      2.4359963427738816
    ],
    [
      9.936437137154376,
      4.886083909109766
    ],
    [
      13.771241312014444,
      12.737956878208667
    ],
    [
      13.4502191135424,
      13.526707907913524
    ]
  ],
  "waypoints_xy": [
    [
      1,
      1
    ],
    [
      2.4359963427738816,
      5.7893542887888385
    ],
    [
      4.886083909109766,
      9.936437137154376
    ],
    [
      12.737956878208667,
      13.771241312014444
    ],
    [
      13.526707907913524,
      13.4502191135424
    ]
  ],
  "plan_time_s": 10.003556728363037,
  "path_length": 19.406627473730442,
  "n_waypoints": 5
}