{
  "planner": "theta_star",
  "maze": "bench_mazes/corridor.csv",
  "waypoints_rc": [
    [
      1,
      1
    ],
    [
      7,
      3
    ],
    [
      8,
      3
    ],
    [
      8.5,
      4
    ],
    [
      9,
      4
    ],
    [
      9,
      5
    ],
    [
      10,
      5
    ],
    [
      10,
      6
    ],
    [
      11,
      6
    ],
    [
      11,
      7
    ],
    [
      11,
      8
    ],
    [
      11,
      9
    ],
    [
      11,
      10
    ],
    [
      11,
      11
    ],
    [
      11,
      12
    ],
    [
      11,
      13
    ],
    [
      11,
      14
    ],
    [
      12,
      14
    ],
    [
      13,
      14
    ],
    [
      14,
      14
    ]
  ],
  "waypoints_xy": [
    [
      1,
      1
    ],
    [
      3,
      7
    ],
    [
      3,
      8
    ],
    [
      4,
      8.5
    ],
    [
      4,
      9
    ],
    [
      5,
      9
    ],
    [
      5,
      10
    ],
    [
      6,
      10
    ],
    [
      6,
      11
    ],
    [
      7,
      11
    ],
    [
      8,
      11
    ],
    [
      9,
      11
    ],
    [
      10,
      11
    ],
    [
      11,
      11
    ],
    [
      12,
      11
    ],
    [
      13,
      11
    ],
    [
      14,
      11
    ],
    [
      14,
      12
    ],
    [
      14,
      13
    ],
    [
      14,
      14
    ]
  ],
  "plan_time_s": 0.0007002353668212891,
  "path_length": 24.32455532033676,
  "n_waypoints": 20
}