{
  "planner": "bb_rrt_star",
  "maze": "bench_mazes/narrow.csv",
  "waypoints_rc": [
    [
      1,
      1
    ],
    [
      1.466379821143081,
      5.978201468646136
    ],
    [
      2.8663229425379324,
      7.139527101424028
    ],
    [
      5.646368124155611,
      8.5
    ],
    [
      8.574792785440378,
      6.50420083054742
    ],
    [
      11.78441863619448,
      7.7998999088697865
    ],
    [
      13.4502191135424,
      13.526707907913524
    ],
    [
      13.229151945709571,
      13.959090151335051
    ]
  ],
  "waypoints_xy": [
    [
      1,
      1
    ],
    [
      5.978201468646136,
      1.466379821143081
    ],
    [
      7.139527101424028,
      2.8663229425379324
    ],
    [
      8.5,
      5.646368124155611
    ],
    [
      6.50420083054742,
      8.574792785440378
    ],
    [
      7.7998999088697865,
      11.78441863619448
    ],
    [
      13.526707907913524,
      13.4502191135424
    ],
    [
      13.959090151335051,
      13.229151945709571
    ]
  ],
  "plan_time_s": 10.009567022323608,
  "path_length": 23.14354044077344,
  "n_waypoints": 8
}