{
  "planner": "theta_star",
  "maze": "bench_mazes/narrow.csv",
  "waypoints_rc": [
    [
      1,
      1
    ],
    [
      1.5,
      3
    ],
    [
      1.5,
      4
    ],
    [
      1.5,
      5
    ],
    [
      1.5,
      6
    ],
    [
      2,
      6
    ],
    [
      3,
      6
    ],
    [
      4,
      6
    ],
    [
      4,
      7
    ],
    [
      4,
      8
    ],
    [
      5,
      8.5
    ],
    [
      6,
      8
    ],
    [
      6.5,
      7
    ],
    [
      7,
      7
    ],
    [
      8,
      7
    ],
    [
      9,
      7
    ],
    [
      10,
      7.5
    ],
    [
      11.5,
      8
    ],
    [
      13,
      14
    ]
  ],
  "waypoints_xy": [
    [
      1,
      1
    ],
    [
      3,
      1.5
    ],
    [
      4,
      1.5
    ],
    [
      5,
      1.5
    ],
    [
      6,
      1.5
    ],
    [
      6,
      2
    ],
    [
      6,
      3
    ],
    [
      6,
      4
    ],
    [
      7,
      4
    ],
    [
      8,
      4
    ],
    [
      8.5,
      5
    ],
    [
      8,
      6
    ],
    [
      7,
      6.5
    ],
    [
      7,
      7
    ],
    [
      7,
      8
    ],
    [
      7,
      9
    ],
    [
      7.5,
      10
    ],
    [
      8,
      11.5
    ],
    [
      14,
      13
    ]
  ],
  "plan_time_s": 0.0007348060607910156,
  "path_length": 24.738768882709856,
  "n_waypoints": 19
}