{
  "planner": "bb_rrt_star_theta",
  "maze": "bench_mazes/narrow.csv",
  "waypoints_rc": [
    [
      1,
      1
    ],
    [
      1.5407772275712706,
      2.3929790980232966
    ],
    [
      3.0117386384841005,
      9.009742253824294
    ],
    [
      8.03719339920738,
      7.625635520706966
    ],
    [
      11.018468452069522,
      7.738607731351152
    ],
    [
      13.580342522638208,
      13.437407797627024
    ]
  ],
  "waypoints_xy": [
    [
      1,
      1
    ],
    [
      2.3929790980232966,
      1.5407772275712706
    ],
    [
      9.009742253824294,
      3.0117386384841005
    ],
    [
      7.625635520706966,
      8.03719339920738
    ],
    [
      7.738607731351152,
      11.018468452069522
    ],
    [
      13.437407797627024,
      13.580342522638208
    ]
  ],
  "plan_time_s": 10.007435083389282,
  "path_length": 22.71671291569299,
  "n_waypoints": 6
}