{
  "planner": "bb_rrt_star",
  "maze": "bench_mazes/narrow.csv",
  "waypoints_rc": [
    [
      1,
      1
    ],
    [
      1.5,
      3.5879179057210493
    ],
    [
      4.374798347412387,
      8.141952241112188
    ],
    [
      12.071133203951772,
      7.905872400278218
    ],
    [
      13.772437852069205,
      11.747196076872749
    ],
    [
      13.4502191135424,
      13.526707907913524
    ]
  ],
  "waypoints_xy": [
    [
      1,
      1
    ],
    [
      3.5879179057210493,
      1.5
    ],
    [
      8.141952241112188,
      4.374798347412387
    ],
    [
      7.905872400278218,
      12.071133203951772
    ],
    [
      11.747196076872749,
      13.772437852069205
    ],
    [
      13.526707907913524,
      13.4502191135424
    ]
  ],
  "plan_time_s": 10.00384783744812,
  "path_length": 21.664506623235706,
  "n_waypoints": 6
}