{
  "planner": "bb_rrt_star",
  "maze": "bench_mazes/open_field.csv",
  "waypoints_rc": [
    [
      1,
      1
    ],
    [
      3.455221630698796,
      3.314517925546536
    ],
    [
      10.998158721139884,
      7.264501222512692
    ],
    [
      13.771241312014444,
      12.737956878208667
    ],
    [
      13.4502191135424,
      13.526707907913524
    ]
  ],
  "waypoints_xy": [
    [
      1,
      1
    ],
    [
      3.314517925546536,
      3.455221630698796
    ],
    [
      7.264501222512692,
      10.998158721139884
    ],
    [
      12.737956878208667,
      13.771241312014444
    ],
    [
      13.526707907913524,
      13.4502191135424
    ]
  ],
  "plan_time_s": 10.006712198257446,
  "path_length": 18.87620481327156,
  "n_waypoints": 5
}