{
  "planner": "bb_rrt_star_theta",
  "maze": "bench_mazes/open_field.csv",
  "waypoints_rc": [
    [
      1,
      1
    ],
    [
      3.7001836756509885,
      2.2139849842584916
    ],
    [
      7.816509634390025,
      4.223742426086551
    ],
    [
      13.416978040707276,
      13.615329852422484
    ]
  ],
  "waypoints_xy": [
    [
      1,
      1
    ],
    [
      2.2139849842584916,
      3.7001836756509885
    ],
    [
      4.223742426086551,
      7.816509634390025
    ],
    [
      13.615329852422484,
      13.416978040707276
    ]
  ],
  "plan_time_s": 10.030911922454834,
  "path_length": 18.475958596342362,
  "n_waypoints": 4
}