{
  "planner": "theta_star",
  "maze": "bench_mazes/open_field.csv",
  "waypoints_rc": [
    [
      1,
      1
    ],
    [
      1.5,
      2
    ],
    [
      1.5,
      3
    ],
    [
      1.5,
      4
    ],
    [
      1.5,
      5
    ],
    [
      2,
      5
    ],
    [
      3,
      5
    ],
    [
      3,
      6
    ],
    [
      3,
      7
    ],
    [
      3,
      8
    ],
    [
      3,
      9
    ],
    [
      3,
      10
    ],
    [
      4,
      10
    ],
    [
      5,
      10
    ],
    [
      6,
      10
    ],
    [
      7,
      10
    ],
    [
      8,
      10
    ],
    [
      14,
      14
    ]
  ],
  "waypoints_xy": [
    [
      1,
      1
    ],
    [
      2,
      1.5
    ],
    [
      3,
      1.5
    ],
    [
      4,
      1.5
    ],
    [
      5,
      1.5
    ],
    [
      5,
      2
    ],
    [
      5,
      3
    ],
    [
      6,
      3
    ],
    [
      7,
      3
    ],
    [
      8,
      3
    ],
    [
      9,
      3
    ],
    [
      10,
      3
    ],
    [
      10,
      4
    ],
    [
      10,
      5
    ],
    [
      10,
      6
    ],
    [
      10,
      7
    ],
    [
      10,
      8
    ],
    [
      14,
      14
    ]
  ],
  "plan_time_s": 0.0006577968597412109,
  "path_length": 23.21110255092798,
  "n_waypoints": 18
}