{
  "planner": "bb_rrt_star",
  "maze": "bench_mazes/spiral.csv",
  "waypoints_rc": [
    [
      1,
      1
    ],
    [
      1.707028641686259,
      2.4959290956185427
    ],
    [
      1.9428173338019175,
      11.172000465954756
    ],
    [
      2.2819603402992854,
      12.875623108737678
    ],
    [
      3.4493032912107857,
      14.22491529983071
    ],
    [
      12.392420728675964,
      14.5
    ],
    [
      14.308259704188687,
      14.050903736540713
    ],
    [
      14.305324803257513,
      7.973241213441682
    ],
    [
      13.986343537976968,
      2.648124737612653
    ],
    [
      10.767588352827387,
      1.5451518943084075
    ],
    [
      10.28537926246104,
      1.4881505382927305
    ]
  ],
  "waypoints_xy": [
    [
      1,
      1
    ],
    [
      2.4959290956185427,
      1.707028641686259
    ],
    [
      11.172000465954756,
      1.9428173338019175
    ],
    [
      12.875623108737678,
      2.2819603402992854
    ],
    [
      14.22491529983071,
      3.4493032912107857
    ],
    [
      14.5,
      12.392420728675964
    ],
    [
      14.050903736540713,
      14.308259704188687
    ],
    [
      7.973241213441682,
      14.305324803257513
    ],
    [
      2.648124737612653,
      13.986343537976968
    ],
    [
      1.5451518943084075,
      10.767588352827387
    ],
    [
      1.4881505382927305,
      10.28537926246104
    ]
  ],
  "plan_time_s": 10.000809907913208,
  "path_length": 40.02610254930825,
  "n_waypoints": 11
}