{
  "planner": "theta_star",
  "maze": "bench_mazes/spiral.csv",
  "waypoints_rc": [
    [
      1,
      1
    ],
    [
      3,
      13
    ],
    [
      3,
      14
    ],
    [
      4,
      14.5
    ],
    [
      13,
      14.5
    ],
    [
      14,
      14
    ],
    [
      14.5,
      13
    ],
    [
      14,
      12
    ],
    [
      14,
      11
    ],
    [
      14,
      10
    ],
    [
      13,
      10
    ],
    [
      12.5,
      10
    ],
    [
      12.5,
      9
    ],
    [
      12.5,
      8
    ],
    [
      12.5,
      7
    ],
    [
      12.5,
      6
    ],
    [
      12.5,
      5
    ],
    [
      12.5,
      4
    ],
    [
      12.5,
      3
    ],
    [
      12.5,
      2
    ],
    [
      12,
      1.5
    ],
    [
      11,
      1.5
    ],
    [
      10,
      1
    ]
  ],
  "waypoints_xy": [
    [
      1,
      1
    ],
    [
      13,
      3
    ],
    [
      14,
      3
    ],
    [
      14.5,
      4
    ],
    [
      14.5,
      13
    ],
    [
      14,
      14
    ],
    [
      13,
      14.5
    ],
    [
      12,
      14
    ],
    [
      11,
      14
    ],
    [
      10,
      14
    ],
    [
      10,
      13
    ],
    [
      10,
      12.5
    ],
    [
      9,
      12.5
    ],
    [
      8,
      12.5
    ],
    [
      7,
      12.5
    ],
    [
      6,
      12.5
    ],
    [
      5,
      12.5
    ],
    [
      4,
      12.5
    ],
    [
      3,
      12.5
    ],
    [
      2,
      12.5
    ],
    [
      1.5,
      12
    ],
    [
      1.5,
      11
    ],
    [
      1,
      10
    ]
  ],
  "plan_time_s": 0.0008890628814697266,
  "path_length": 41.16552506059644,
  "n_waypoints": 23
}